_id,Title,Artist,Length,License,Path,Filename,Pcount,Tags
IDCKB4050,Adventure,Alexander Nakarada,04:37,Creative Commons CC BY 4.0,Music,Adventure.mp3,2,Games Cinematic Celtic Adventure
IDCKB4051,Cyberpunk Computer Game | IDRA,Alex-Productions,03:38,Creative Commons CC BY 4.0,Music,Cyberpunk-computer-game-idra.mp3,2,Games Action Electronic Trailer
IDCKB4052,Hitman,Kevin MacLeod,03:21,Creative Commons CC BY 4.0,Music,Hitman.mp3,3,Games Action Suspense Cinematic
IDCKB4053,Run Amok,Kevin MacLeod,01:47,Creative Commons CC BY 4.0,Music,Run-Amok.mp3,8,Games Action Cinematic Ringtones
IDCKB4054,Titan,Alex-Productions,02:14,Creative Commons CC BY 4.0,Music,Titan.mp3,4,Games Orchestral Trailer Motivational
IDCKB4055,Warfare,MaxKoMusic,02:04,Creative Commons CC BY 4.0,Music,Warfare.mp3,0,Games Orchestral Historial Motivational
IDCKB4056,Beauty,MaxKoMusic,02:14,Creative Commons CC BY 4.0,Music,Beauty.mp3,5,Morning Piano Motivational Cinematic
IDCKB4057,Dark Knight,MaxKoMusic,02:26,Creative Commons CC BY 4.0,Music,Dark-Knight.mp3,6,Orchestral Trailer Motivational Cinematic
IDCKB4058,Hope,Ghostrifter Official,02:30,Creative Commons CC BY 4.0,Music,Hope.mp3,3,Piano Motivational Cinematic Hopeful
IDCKB4059,Into The Wilds,Scott Buckley,04:07,Creative Commons CC BY 4.0,Music,IntoTheWilds.mp3,0,Orchestral Cinematic Fantasy Adventure
IDCKB4060,The Inspiration,Keys of Moon,02:07,Creative Commons CC BY 4.0,Music,The-Inspiration.mp3,3,Orchestral Trailer Motivational Cinematic
IDCKB4061,Butterfly,Purrple Cat,02:35,Creative Commons CC BY 4.0,Music,Butterfly.mp3,4,Relaxing Hopeful Dreamy Romantic
IDCKB4062,Eternal Love,Twisterium,02:15,Creative Commons CC BY 4.0,Music,Eternal-love.mp3,8,Piano Cinematic Romantic Wedding
IDCKB4063,Fall In Love,Alex-Productions,02:31,Creative Commons CC BY 4.0,Music,Fall-In-Love.mp3,0,Piano Nostalgia Romantic Wedding
IDCKB4064,Guitar Gentle,PeriTune,03:08,Creative Commons CC BY 4.0,Music,Guitar-Gentle.mp3,5,Relaxing Guitar Fantasy Romantic
IDCKB4065,Moon Waltz,Verbovets,02:32,Creative Commons CC BY 4.0,Music,Moon-Waltz.mp3,4,Relaxing Piano Study Romantic
IDCKB4066,Where Will I Go?,Ron Gelinas Chillout Lounge,03:05,Creative Commons CC BY 4.0,Music,Where-will-i-go.mp3,7,Piano Romantic Wedding Lounge
IDCKB4067,Golden Hour,Purrple Cat,03:15,Creative Commons CC BY 4.0,Music,Golden-Hour.mp3,5,Relaxing Dreamy Study LoFi
IDCKB4068,Illusions,Keys of Moon,03:47,Creative Commons CC BY 4.0,Music,Illusions.mp3,4,Relaxing Piano Study Emotional
IDCKB4069,Lonely,Purrple Cat,02:56,Creative Commons CC BY 4.0,Music,Lonely.mp3,1,Relaxing Dreamy Study Winter
IDCKB4070,Memories Of Spring,Tokyo Music Walker,04:24,Creative Commons CC BY 4.0,Music,Memories-of-Spring.mp3,0,Beats Jazz Nostalgia Study
IDCKB4071,Purple Dream,Ghostrifter Official,02:15,Creative Commons CC BY 4.0,Music,Purple-Dream.mp3,6,Ambient Beats Dreamy Study
IDCKB4072,Silly Intro,Alexander Nakarada,00:25,Creative Commons CC BY 4.0,Music,Silly-intro.mp3,10,Children Vlog Funny Comedy
IDCKB4073,Superepic,Alexander Nakarada,00:44,Creative Commons CC BY 4.1,Music,Superepic.mp3,10,Games Action Orchestral Cinematic
